[ {"id": 1,"translation":[{"TranslationId": 0,"Value": "Basis"},{"TranslationId": 1,"Value": "Basics"},{"TranslationId": 2,"Value": "base"}  ],"submenu":[{"id": 1,"link": "/basic/curse/curseapp","translation":[{"TranslationId": 0,"Value": "Curse app"},{"TranslationId": 1,"Value": "Curse app"},{"TranslationId": 2,"Value": "Curse app"}  ]},{"id": 2,"link": "/basic/cm/commandblock","translation":[{"TranslationId": 0,"Value": "opdrachtblok"},{"TranslationId": 1,"Value": "Command Block"},{"TranslationId": 2,"Value": "bloc de commande"}  ]},{"id": 3,"link": "/basic/redstone/redstonebasic","translation":[{"TranslationId": 0,"Value": "Redstone"},{"TranslationId": 1,"Value": "Redstone"},{"TranslationId": 2,"Value": "Redstone"}  ]}  ]},{"id": 2,"translation":[{"TranslationId": 0,"Value": "Redstone"},{"TranslationId": 1,"Value": "Redstone"},{"TranslationId": 2,"Value": "Redstone"}  ],"submenu":[{"id": 1,"link": "/basic/redstone/comparator","translation":[{"TranslationId": 0,"Value": "Vergelijker"},{"TranslationId": 1,"Value": "Comparator"},{"TranslationId": 2,"Value": "Comparator"}  ]},{"id": 2,"link": "/basic/redstone/repeater","translation":[{"TranslationId": 0,"Value": "Versterker"},{"TranslationId": 1,"Value": "Repeater"},{"TranslationId": 2,"Value": "Repeater"}  ]},{"id": 5,"link": "/basic/redstone/observer","translation":[{"TranslationId": 0,"Value": "Observer"},{"TranslationId": 1,"Value": "Observer"},{"TranslationId": 2,"Value": "Observer"}  ]}  ]},{"id": 3,"translation":[{"TranslationId": 0,"Value": "Logica"},{"TranslationId": 1,"Value": "Logic"},{"TranslationId": 2,"Value": "Logique"}  ],"submenu":[{"id": 1,"translation":[{"TranslationId": 0,"Value": "Poorten"},{"TranslationId": 1,"Value": "Gates"},{"TranslationId": 2,"Value": "porte"}  ],"submenu":[{"id": 1,"link": "/logic/gate/and","translation":[{"TranslationId": 0,"Value": "AND"},{"TranslationId": 1,"Value": "AND"},{"TranslationId": 2,"Value": "AND"}  ]},{"id": 2,"link": "/logic/gate/nand","translation":[{"TranslationId": 0,"Value": "NAND"},{"TranslationId": 1,"Value": "NAND"},{"TranslationId": 2,"Value": "NAND"}  ]},{"id": 3,"link": "/logic/gate/or","translation":[{"TranslationId": 0,"Value": "OR"},{"TranslationId": 1,"Value": "OR"},{"TranslationId": 2,"Value": "OR"}  ]},{"id": 4,"link": "/logic/gate/nor","translation":[{"TranslationId": 0,"Value": "NOR"},{"TranslationId": 1,"Value": "NOR"},{"TranslationId": 2,"Value": "NOR"}  ]},{"id": 5,"link": "/logic/gate/xor","translation":[{"TranslationId": 0,"Value": "XOR"},{"TranslationId": 1,"Value": "XOR"},{"TranslationId": 2,"Value": "XOR"}  ]},{"id": 6,"link": "/logic/gate/xnor","translation":[{"TranslationId": 0,"Value": "XNOR"},{"TranslationId": 1,"Value": "XNOR"},{"TranslationId": 2,"Value": "XNOR"}  ]},{"id": 7,"link": "/logic/gate/not","translation":[{"TranslationId": 0,"Value": "NOT"},{"TranslationId": 1,"Value": "NOT"},{"TranslationId": 2,"Value": "NOT"}  ]}  ]},{"id": 2,"translation":[{"TranslationId": 0,"Value": "Circuits"},{"TranslationId": 1,"Value": "Circuits"},{"TranslationId": 2,"Value": "Circuits"}  ],"submenu":[{"id": 1,"link": "/logic/circuit/clock","translation":[{"TranslationId": 0,"Value": "Clock"},{"TranslationId": 1,"Value": "Clock"},{"TranslationId": 2,"Value": "Clock"}  ]},{"id": 2,"link": "/logic/circuit/rs","translation":[{"TranslationId": 0,"Value": "RS (nor latch)"},{"TranslationId": 1,"Value": "RS (nor latch)"},{"TranslationId": 2,"Value": "RS (nor latch)"}  ]},{"id": 3,"link": "/logic/circuit/msc","translation":[{"TranslationId": 0,"Value": "Monostable circuit"},{"TranslationId": 1,"Value": "Monostable circuit"},{"TranslationId": 2,"Value": "Monostable circuit"}  ],"submenu":[{"id": 1,"link": "/logic/circuit/tff","translation":[{"TranslationId": 0,"Value": "T-flip flop"},{"TranslationId": 1,"Value": "T-flip flop"},{"TranslationId": 2,"Value": "T-flip flop"}  ]},{"id": 2,"link": "/logic/circuit/dff","translation":[{"TranslationId": 0,"Value": "D-flip-flop"},{"TranslationId": 1,"Value": "D-flip-flop"},{"TranslationId": 2,"Value": "D-flip-flop"}  ]}  ]},{"id": 4,"link": "/logic/circuit/pulselimit","translation":[{"TranslationId": 0,"Value": "Pulse limiter"},{"TranslationId": 1,"Value": "Pulse limiter"},{"TranslationId": 2,"Value": "Pulse limiter"}  ]},{"id": 5,"link": "/logic/circuit/pulseext","translation":[{"TranslationId": 0,"Value": "pulse extender"},{"TranslationId": 1,"Value": "pulse extender"},{"TranslationId": 2,"Value": "pulse extender"}  ]},{"id": 6,"link": "/logic/circuit/fedet","translation":[{"TranslationId": 0,"Value": "Falling Edge detector"},{"TranslationId": 1,"Value": "Falling Edge detector"},{"TranslationId": 2,"Value": "Falling Edge detector"}  ]},{"id": 7,"link": "/logic/circuit/redet","translation":[{"TranslationId": 0,"Value": "Rising Edge detector"},{"TranslationId": 1,"Value": "Rising Edge detector"},{"TranslationId": 2,"Value": "Rising Edge detector"}  ]},{"id": 8,"link": "/logic/circuit/edet","translation":[{"TranslationId": 0,"Value": "Edge detector"},{"TranslationId": 1,"Value": "Edge detector"},{"TranslationId": 2,"Value": "Edge detector"}  ]},{"id": 9,"link": "/logic/circuit/abba","translation":[{"TranslationId": 0,"Value": "ABBA Switch"},{"TranslationId": 1,"Value": "ABBA Switch"},{"TranslationId": 2,"Value": "ABBA Switch"}  ]},{"id": 10,"link": "/logic/circuit/bud","translation":[{"TranslationId": 0,"Value": "BUD switch"},{"TranslationId": 1,"Value": "BUD switch"},{"TranslationId": 2,"Value": "BUD switch"}  ]},{"id": 11,"link": "/logic/circuit/counter","translation":[{"TranslationId": 0,"Value": "Counter"},{"TranslationId": 1,"Value": "Counter"},{"TranslationId": 2,"Value": "Counter"}  ]},{"id": 12,"link": "/logic/circuit/shiftreg","translation":[{"TranslationId": 0,"Value": "Shift register"},{"TranslationId": 1,"Value": "Shift register"},{"TranslationId": 2,"Value": "Shift register"}  ]},{"id": 13,"link": "/logic/circuit/dpe","translation":[{"TranslationId": 0,"Value": "Double Piston extender"},{"TranslationId": 1,"Value": "Double Piston extender"},{"TranslationId": 2,"Value": "Double Piston extender"}  ]},{"id": 14,"link": "/logic/circuit/ld","translation":[{"TranslationId": 0,"Value": "Last detector"},{"TranslationId": 1,"Value": "Last detector"},{"TranslationId": 2,"Value": "Last detector"}  ]},{"id": 15,"link": "/logic/circuit/fd","translation":[{"TranslationId": 0,"Value": "First detector"},{"TranslationId": 1,"Value": "First detector"},{"TranslationId": 2,"Value": "First detector"}  ]},{"id": 16,"link": "/logic/circuit/random","translation":[{"TranslationId": 0,"Value": "Randomizer"},{"TranslationId": 1,"Value": "Randomizer"},{"TranslationId": 2,"Value": "Randomizer"}  ]},{"id": 17,"link": "/logic/circuit/instantwire","translation":[{"TranslationId": 0,"Value": "Instant wire"},{"TranslationId": 1,"Value": "Instant wire"},{"TranslationId": 2,"Value": "Instant wire"}  ]}  ]},{"id": 3,"translation":[{"TranslationId": 0,"Value": "Oefeningen"},{"TranslationId": 1,"Value": "exercises"},{"TranslationId": 2,"Value": "Pratique"}  ],"submenu":[{"id": 1,"link": "/exc/redstone/redstoneeasy","translation":[{"TranslationId": 0,"Value": "Gemakkellijk"},{"TranslationId": 1,"Value": "Easy"},{"TranslationId": 2,"Value": "Facile"}  ]},{"id": 2,"link": "/exc/redstone/redstonemedium","translation":[{"TranslationId": 0,"Value": "Gemiddeld"},{"TranslationId": 1,"Value": "Medium"},{"TranslationId": 2,"Value": "Moyen"}  ]},{"id": 3,"link": "/exc/redstone/redstnehard","translation":[{"TranslationId": 0,"Value": "Moeilijk"},{"TranslationId": 1,"Value": "Hard"},{"TranslationId": 2,"Value": "Dificile"}  ]}  ]}  ]},{"id": 4,"translation":[{"TranslationId": 0,"Value": "mini spel"},{"TranslationId": 1,"Value": "Minigame"},{"TranslationId": 2,"Value": ""}  ],"submenu":[{"id": 1,"link": "/minigame/defuse/defuse","translation":[{"TranslationId": 0,"Value": "ontmantel de bom"},{"TranslationId": 1,"Value": "dismantle the bomb"},{"TranslationId": 2,"Value": ""}  ]},{"id": 2,"link": "/minigame/zombierun/zombierun","translation":[{"TranslationId": 0,"Value": "Zombie run"},{"TranslationId": 1,"Value": "Zombie run"},{"TranslationId": 2,"Value": "Zombie run"}  ]}  ]},{"id": 5,"translation":[{"TranslationId": 0,"Value": "projecten"},{"TranslationId": 1,"Value": "Builds"},{"TranslationId": 2,"Value": ""}  ],"submenu":[{"id": 1,"link": "/projects/mobfarm/mobfarm","translation":[{"TranslationId": 0,"Value": "mob farm"},{"TranslationId": 1,"Value": "mob farm"},{"TranslationId": 2,"Value": "mob farm"}  ]},{"id": 2,"link": "/projects/afkfishing/afkfishing","translation":[{"TranslationId": 0,"Value": "AFK fish farm"},{"TranslationId": 1,"Value": "AFK fish farm"},{"TranslationId": 2,"Value": "AFK fish farm"}  ]},{"id": 3,"link": "/projects/equipmentkit/equipmentkit","translation":[{"TranslationId": 0,"Value": "Equipment kit"},{"TranslationId": 1,"Value": "Equipment kit"},{"TranslationId": 2,"Value": "Equipment kit"}  ]},{"id": 4,"link": "/projects/expFarm/expFarm","translation":[{"TranslationId": 0,"Value": "exp farm (1,13)"},{"TranslationId": 1,"Value": "exp farm (1,13)"},{"TranslationId": 2,"Value": "exp farm (1,13)"}  ]},{"id": 6,"link": "/projects/tag/tag","translation":[{"TranslationId": 0,"Value": "Tikkertje"},{"TranslationId": 1,"Value": "Tag"},{"TranslationId": 2,"Value": "Tag"}  ]}  ]}]
